title,date
**********,2007-01-10
**********,2007-01-14
**********,2007-01-14
**********,2007-01-14
**********,2007-01-15
**********,2007-01-27
**********,2007-02-10
**********,2007-02-11
**********,2007-03-10
**********,2007-03-11
**********,2007-03-11
**********,2007-04-02
**********,2007-07-01
**********,2007-07-01
**********,2007-10-25
**********,2007-10-26
**********,2008-01-06
**********,2008-01-10
**********,2008-01-20
**********,2008-01-21
**********,2008-01-22
**********,2008-01-22
**********,2008-01-23
**********,2008-03-08
**********,2008-03-27
**********,2008-03-31
**********,2008-04-01
**********,2008-04-02
**********,2008-07-28
**********,2008-11-08
**********,2009-04-02
**********,2009-05-07
**********,2009-07-14
**********,2009-07-21
**********,2009-07-25
**********,2009-07-28
**********,2009-08-01
**********,2009-08-05
**********,2009-08-06
**********,2009-08-06
**********,2009-08-07
**********,2009-08-08
**********,2009-08-08
**********,2009-08-09
**********,2009-08-24
**********,2009-08-31
**********,2009-08-31
**********,2009-09-12
**********,2009-09-26
**********,2009-10-06
**********,2009-10-07
**********,2009-10-07
**********,2009-10-11
**********,2009-10-13
**********,2009-10-13
**********,2009-10-14
**********,2009-10-15
**********,2009-10-16
**********,2009-10-16
**********,2009-10-18
**********,2009-10-21
**********,2009-10-23
**********,2009-11-04
**********,2009-11-07
**********,2009-11-12
**********,2009-11-13
**********,2009-11-15
**********,2009-11-16
**********,2009-11-17
**********,2009-11-19
**********,2009-11-20
**********,2009-11-22
**********,2009-11-23
**********,2009-11-27
**********,2009-12-02
**********,2009-12-02
**********,2009-12-02
**********,2009-12-03
**********,2009-12-08
**********,2009-12-09
**********,2009-12-09
**********,2009-12-09
**********,2009-12-09
**********,2009-12-10
**********,2009-12-10
**********,2009-12-17
**********,2009-12-17
**********,2009-12-18
**********,2009-12-21
**********,2010-01-15
**********,2010-01-17
**********,2010-01-22
**********,2010-01-23
**********,2010-01-27
**********,2010-01-29
**********,2010-02-05
**********,2010-02-05
**********,2010-02-25
**********,2010-02-28
**********,2010-03-03
**********,2010-03-04
**********,2010-03-04
**********,2010-03-05
**********,2010-03-05
**********,2010-03-23
**********,2010-03-24
**********,2010-03-25
**********,2010-03-27
**********,2010-03-28
**********,2010-03-28
**********,2010-03-29
**********,2010-03-29
**********,2010-04-13
**********,2010-04-14
**********,2010-04-19
**********,2010-04-20
**********,2010-04-21
**********,2010-04-21
**********,2010-04-23
**********,2010-04-25
**********,2010-04-26
**********,2010-04-27
**********,2010-04-27
**********,2010-04-27
**********,2010-04-28
**********,2010-05-03
**********,2010-05-03
**********,2010-05-04
**********,2010-05-05
**********,2010-05-06
**********,2010-05-15
**********,2010-05-15
**********,2010-05-16
**********,2010-05-17
**********,2010-05-18
**********,2010-05-24
**********,2010-06-14
**********,2010-06-14
**********,2010-06-17
**********,2010-06-25
**********,2010-06-26
**********,2010-06-30
**********,2010-07-01
**********,2010-07-07
**********,2010-07-08
**********,2010-07-09
**********,2010-07-18
**********,2010-08-08
**********,2010-08-09
**********,2010-08-17
**********,2010-08-17
**********,2010-08-17
**********,2010-08-18
**********,2010-08-18
**********,2010-08-23
**********,2010-08-24
**********,2010-08-25
**********,2010-08-26
**********,2010-08-27
**********,2010-09-12
**********,2010-09-13
**********,2010-09-14
**********,2010-09-14
**********,2010-09-20
**********,2010-09-21
**********,2010-10-04
**********,2010-10-06
**********,2010-10-07
**********,2010-10-07
**********,2010-10-14
**********,2010-10-16
**********,2010-10-16
**********,2010-10-16
**********,2010-10-22
**********,2010-10-23
**********,2010-11-21
**********,2010-11-21
**********,2010-12-01
**********,2010-12-01
**********,2010-12-01
**********,2010-12-02
**********,2010-12-03
**********,2010-12-03
**********,2010-12-06
**********,2010-12-06
**********,2010-12-07
**********,2010-12-07
**********,2010-12-08
**********,2010-12-08
**********,2010-12-13
**********,2010-12-15
**********,2010-12-16
**********,2010-12-16
**********,2010-12-17
**********,2010-12-23
**********,2010-12-31
**********,2010-12-31
**********,2010-12-31
**********,2011-01-01
**********,2011-01-01
**********,2011-01-02
**********,2011-01-02
**********,2011-01-03
**********,2011-01-03
**********,2011-01-04
**********,2011-01-15
**********,2011-01-16
**********,2011-01-22
**********,2011-01-23
**********,2011-01-24
**********,2011-03-07
**********,2011-03-09
**********,2011-03-09
**********,2011-03-11
**********,2011-03-15
**********,2011-03-18
**********,2011-03-20
**********,2011-03-23
**********,2011-03-24
**********,2011-03-24
**********,2011-03-25
**********,2011-03-26
**********,2011-03-27
**********,2011-03-27
**********,2011-04-11
**********,2011-04-12
**********,2011-04-13
**********,2011-04-14
**********,2011-04-14
**********,2011-04-15
**********,2011-04-16
**********,2011-09-02
**********,2011-09-03
**********,2011-09-03
**********,2011-09-04
**********,2011-09-05
**********,2011-09-05
**********,2011-10-14
**********,2011-10-15
**********,2011-10-15
**********,2011-11-20
**********,2011-12-14
**********,2011-12-15
**********,2011-12-15
